{
  "outputModelPrefix": "model_",
  "earlyStoppingBestAccuracy": 0.9921064376831055,
  "skipInvalidGt": true,
  "totalTime": 3751.495849609375,
  "lerStats": [
    0.0,
    0.0,
    0.0,
    0.0,
    0.0,
    0.0,
    0.0,
    0.0,
    0.0,
    0.0,
    0.023255813866853714,
    0.0,
    0.0,
    0.0,
    0.0,
    0.0,
    0.0,
    0.0,
    0.0,
    0.0,
    0.0,
    0.0,
    0.0,
    0.01149425283074379,
    0.0,
    0.0,
    0.0,
    0.0,
    0.0,
    0.0,
    0.0,
    0.017241379246115685,
    0.0,
    0.0181818176060915,
    0.0,
    0.0,
    0.0,
    0.0,
    0.0,
    0.0,
    0.0,
    0.1111111119389534,
    0.0,
    0.0,
    0.0,
    0.0,
    0.0,
    0.0,
    0.0,
    0.0,
    0.0,
    0.0,
    0.0,
    0.0,
    0.0,
    0.0,
    0.0,
    0.0,
    0.0,
    0.0,
    0.0,
    0.01886792480945587,
    0.0,
    0.0,
    0.0,
    0.0,
    0.0,
    0.0,
    0.0,
    0.0,
    0.0,
    0.0,
    0.0714285746216774,
    0.0,
    0.02380952425301075,
    0.0,
    0.0,
    0.0,
    0.0,
    0.0,
    0.0,
    0.03703703731298447,
    0.023255813866853714,
    0.0,
    0.0,
    0.0,
    0.0,
    0.0,
    0.0,
    0.04444444552063942,
    0.0,
    0.0,
    0.0,
    0.025641025975346565,
    0.0,
    0.0,
    0.0,
    0.0,
    0.0,
    0.0
  ],
  "iter": 67999,
  "maxIters": 1000000,
  "display": 100,
  "earlyStoppingFrequency": 1000,
  "checkpointFrequency": 1000,
  "earlyStoppingBestCurNbest": 1,
  "dtStats": [
    0.009446144104003906,
    0.02410721778869629,
    0.01188516616821289,
    0.021152019500732422,
    0.01872873306274414,
    0.019381284713745117,
    0.011886835098266602,
    0.012692689895629883,
    0.022834300994873047,
    0.017211437225341797,
    0.014836788177490234,
    0.031238555908203125,
    0.012923240661621094,
    0.019791126251220703,
    0.01567363739013672,
    0.01917862892150879,
    0.014228582382202148,
    0.01502227783203125,
    0.016147613525390625,
    0.019081830978393555,
    0.019771814346313477,
    0.007977724075317383,
    0.01872849464416504,
    0.046794891357421875,
    0.02147960662841797,
    0.03943967819213867,
    0.02769184112548828,
    0.006579160690307617,
    0.02045750617980957,
    0.022281646728515625,
    0.021354198455810547,
    0.021426677703857422,
    0.019586801528930664,
    0.020883798599243164,
    0.022457361221313477,
    0.007224082946777344,
    0.01838850975036621,
    0.016200780868530273,
    0.0035228729248046875,
    0.019762516021728516,
    0.015093088150024414,
    0.005463838577270508,
    0.014345884323120117,
    0.02034282684326172,
    0.015040397644042969,
    0.012663841247558594,
    0.008368968963623047,
    0.012151956558227539,
    0.020127058029174805,
    0.017551422119140625,
    0.004939079284667969,
    0.016018152236938477,
    0.011342287063598633,
    0.016577959060668945,
    0.019649028778076172,
    0.01850605010986328,
    0.003623485565185547,
    0.018380403518676758,
    0.01729273796081543,
    0.012607812881469727,
    0.01637887954711914,
    0.016423702239990234,
    0.018677473068237305,
    0.017793655395507812,
    0.013978242874145508,
    0.012555599212646484,
    0.006565570831298828,
    0.019175052642822266,
    0.012282609939575195,
    0.011389017105102539,
    0.018114805221557617,
    0.02077770233154297,
    0.011960029602050781,
    0.017201900482177734,
    0.014536619186401367,
    0.008404970169067383,
    0.015694379806518555,
    0.01752305030822754,
    0.011976242065429688,
    0.02027297019958496,
    0.003375530242919922,
    0.016834735870361328,
    0.015050172805786133,
    0.027133464813232422,
    0.01699233055114746,
    0.026288270950317383,
    0.016912460327148438,
    0.014237403869628906,
    0.012811422348022461,
    0.013435125350952148,
    0.017256498336791992,
    0.014626502990722656,
    0.014503717422485352,
    0.016689777374267578,
    0.01691746711730957,
    0.01582622528076172,
    0.013461112976074219,
    0.01622152328491211,
    0.003809213638305664,
    0.0034830570220947266
  ],
  "batchSize": 1,
  "earlyStoppingBestAtIter": 68000,
  "earlyStoppingBestModelOutputDir": "/home/ls6/wick/Documents/ocr_models/Baiter/cnn=40:3x3,pool=2x2,cnn=60:3x3,pool=2x2,lstm=200,dropout=0.5",
  "earlyStoppingBestModelPrefix": "Baiter1",
  "earlyStoppingNbest": 10,
  "model": {
    "network": {
      "backend": {
        "cudnn": true
      },
      "learningRate": 0.0010000000474974513,
      "ctcMergeRepeated": true,
      "solver": "ADAM_SOLVER",
      "layers": [
        {
          "kernelSize": {
            "y": 3,
            "x": 3
          },
          "stride": {
            "y": 1,
            "x": 1
          },
          "filters": 40
        },
        {
          "kernelSize": {
            "y": 2,
            "x": 2
          },
          "type": "MAX_POOLING",
          "stride": {
            "y": 2,
            "x": 2
          }
        },
        {
          "kernelSize": {
            "y": 3,
            "x": 3
          },
          "stride": {
            "y": 1,
            "x": 1
          },
          "filters": 60
        },
        {
          "kernelSize": {
            "y": 2,
            "x": 2
          },
          "type": "MAX_POOLING",
          "stride": {
            "y": 2,
            "x": 2
          }
        },
        {
          "type": "LSTM",
          "hiddenNodes": 200
        }
      ],
      "classes": 113,
      "dropout": 0.5,
      "features": 48
    },
    "dataPreprocessor": {
      "lineHeight": 48,
      "pad": 16
    },
    "codec": {
      "charset": [
        "",
        " ",
        "!",
        "'",
        "(",
        ")",
        "*",
        ",",
        "-",
        ".",
        "0",
        "1",
        "2",
        "3",
        "4",
        "5",
        "6",
        "7",
        "8",
        "9",
        ":",
        ";",
        "?",
        "A",
        "B",
        "C",
        "D",
        "E",
        "F",
        "G",
        "H",
        "J",
        "K",
        "L",
        "M",
        "N",
        "O",
        "P",
        "Q",
        "R",
        "S",
        "T",
        "U",
        "V",
        "W",
        "X",
        "Z",
        "a",
        "b",
        "c",
        "d",
        "e",
        "f",
        "g",
        "h",
        "i",
        "j",
        "k",
        "l",
        "m",
        "n",
        "o",
        "p",
        "q",
        "r",
        "s",
        "t",
        "u",
        "v",
        "w",
        "x",
        "y",
        "z",
        "\u00a7",
        "\u00ab",
        "\u00bb",
        "\u00bd",
        "\u00be",
        "\u00c4",
        "\u00dc",
        "\u00df",
        "\u00e0",
        "\u00e2",
        "\u00e4",
        "\u00e6",
        "\u00e7",
        "\u00e8",
        "\u00e9",
        "\u00ea",
        "\u00eb",
        "\u00f6",
        "\u00fb",
        "\u00fc",
        "\u03b1",
        "\u03b4",
        "\u03b5",
        "\u03b9",
        "\u03bd",
        "\u03bf",
        "\u03c5",
        "\u03c6",
        "\u03f1",
        "\u1f11",
        "\u2013",
        "\u2014",
        "\u2019",
        "\u201a",
        "\u201c",
        "\u201d",
        "\u201e",
        "\u23d1",
        "\u23d3",
        "\ua75b"
      ]
    },
    "textPostprocessor": {
      "children": [
        {
          "type": "STRIP_NORMALIZER"
        }
      ],
      "type": "MULTI_NORMALIZER"
    },
    "lineHeight": 48,
    "textPreprocessor": {
      "children": [
        {
          "type": "STRIP_NORMALIZER"
        }
      ],
      "type": "MULTI_NORMALIZER"
    }
  },
  "processes": 32,
  "statsSize": 100,