{
  "checkpointFrequency": 1000,
  "lossStats": [
    1.718223214149475,
    0.062482066452503204,
    0.02878102846443653,
    0.15046299993991852,
    1.4131253957748413,
    0.09362738579511642,
    0.2140772044658661,
    2.3984477519989014,
    2.2109594345092773,
    1.5149956941604614,
    0.6108278036117554,
    5.55219030380249,
    0.3713289499282837,
    0.02674190327525139,
    0.7424145936965942,
    0.08663929253816605,
    8.259909629821777,
    0.5431460738182068,
    0.10099442303180695,
    0.020339038223028183,
    0.22404448688030243,
    9.434087753295898,
    4.608946800231934,
    2.2758336067199707,
    16.90169906616211,
    0.7868916392326355,
    3.133633613586426,
    0.13069549202919006,
    0.014174194075167179,
    4.147063732147217,
    0.05834983289241791,
    0.19026494026184082,
    0.43749165534973145,
    0.09663476794958115,
    0.6112543344497681,
    0.03507475182414055,
    7.688336372375488,
    0.4841315448284149,
    0.04749922826886177,
    0.2289421707391739,
    1.8706785440444946,
    0.14613492786884308,
    0.1107833981513977,
    0.03214440867304802,
    0.07934647798538208,
    0.7387226223945618,
    0.27824461460113525,
    0.08238226175308228,
    0.11211161315441132,
    0.6082376837730408,
    0.14986096322536469,
    0.19892317056655884,
    0.399550199508667,
    0.5378957390785217,
    0.02791471593081951,
    1.069501280784607,
    0.1782822608947754,
    0.035291895270347595,
    0.03281810134649277,
    4.611107349395752,
    0.09851760417222977,
    3.467282772064209,
    0.25880029797554016,
    1.1228972673416138,
    0.8698893189430237,
    0.13190753757953644,
    0.10381261259317398,
    0.05830736830830574,
    0.045236021280288696,
    0.020147783681750298,
    4.845024585723877,
    0.10429254174232483,
    5.366905689239502,
    0.21421454846858978,
    0.9724713563919067,
    10.021923065185547,
    0.501878023147583,
    2.9358978271484375,
    3.251732587814331,
    1.7493656873703003,
    0.160175621509552,
    1.5723310708999634,
    0.14612987637519836,
    10.387426376342773,
    1.5301529169082642,
    0.0699804499745369,
    0.11701121181249619,
    4.654033184051514,
    0.10569967329502106,
    0.8184110522270203,
    0.07484230399131775,
    0.20741045475006104,
    0.20888714492321014,
    17.404020309448242,
    2.6693508625030518,
    4.019213676452637,
    0.15034332871437073,
    11.148314476013184,
    0.6239174604415894,
    1.9120371341705322
  ],
  "processes": 32,
  "earlyStoppingBestModelOutputDir": "/home/ls6/wick/Documents/ocr_models/LH/cnn=40:3x3,pool=2x2,cnn=60:3x3,pool=2x2,lstm=200,dropout=0.5",
  "earlyStoppingBestCurNbest": 1,
  "model": {
    "dataPreprocessor": {
      "lineHeight": 48,
      "pad": 16
    },
    "lineHeight": 48,
    "textPostprocessor": {
      "children": [
        {
          "type": "STRIP_NORMALIZER"
        }
      ],
      "type": "MULTI_NORMALIZER"
    },
    "network": {
      "classes": 166,
      "ctcMergeRepeated": true,
      "features": 48,
      "layers": [
        {
          "stride": {
            "y": 1,
            "x": 1
          },
          "kernelSize": {
            "y": 3,
            "x": 3
          },
          "filters": 40
        },
        {
          "stride": {
            "y": 2,
            "x": 2
          },
          "kernelSize": {
            "y": 2,
            "x": 2
          },
          "type": "MAX_POOLING"
        },
        {
          "stride": {
            "y": 1,
            "x": 1
          },
          "kernelSize": {
            "y": 3,
            "x": 3
          },
          "filters": 60
        },
        {
          "stride": {
            "y": 2,
            "x": 2
          },
          "kernelSize": {
            "y": 2,
            "x": 2
          },
          "type": "MAX_POOLING"
        },
        {
          "hiddenNodes": 200,
          "type": "LSTM"
        }
      ],
      "learningRate": 0.0010000000474974513,
      "backend": {
        "cudnn": true
      },
      "solver": "ADAM_SOLVER",
      "dropout": 0.5
    },
    "textPreprocessor": {
      "children": [
        {
          "type": "STRIP_NORMALIZER"
        }
      ],
      "type": "MULTI_NORMALIZER"
    },
    "codec": {
      "charset": [
        "",
        "\n",
        " ",
        "&",
        "'",
        "(",
        ")",
        ",",
        "-",
        ".",
        "/",
        "0",
        "1",
        "2",
        "3",
        "4",
        "5",
        "6",
        "7",
        "8",
        "9",
        ":",
        ";",
        "?",
        "@",
        "A",
        "B",
        "C",
        "D",
        "E",
        "F",
        "G",
        "H",
        "I",
        "J",
        "K",
        "L",
        "M",
        "N",
        "O",
        "P",
        "Q",
        "R",
        "S",
        "T",
        "U",
        "V",
        "W",
        "X",
        "Y",
        "Z",
        "[",
        "]",
        "a",
        "b",
        "c",
        "d",
        "e",
        "f",
        "g",
        "h",
        "i",
        "j",
        "k",
        "l",
        "m",
        "n",
        "o",
        "p",
        "q",
        "r",
        "s",
        "t",
        "u",
        "v",
        "x",
        "y",
        "z",
        "|",
        "\u00a0",
        "\u00b6",
        "\u00c6",
        "\u00d2",
        "\u00df",
        "\u00e0",
        "\u00e1",
        "\u00e2",
        "\u00e3",
        "\u00e6",
        "\u00e8",
        "\u00e9",
        "\u00ea",
        "\u00eb",
        "\u00ed",
        "\u00ee",
        "\u00f1",
        "\u00f2",
        "\u00f3",
        "\u00f4",
        "\u00f5",
        "\u00f9",
        "\u00fa",
        "\u00fb",
        "\u00fc",
        "\u0111",
        "\u0119",
        "\u0129",
        "\u0153",
        "\u0167",
        "\u0169",
        "\u017f",
        "\u0301",
        "\u0303",
        "\u0304",
        "\u0309",
        "\u03a6",
        "\u03ac",
        "\u03ad",
        "\u03ae",
        "\u03af",
        "\u03b1",
        "\u03b2",
        "\u03b3",
        "\u03b4",
        "\u03b5",
        "\u03b6",
        "\u03b7",
        "\u03b8",
        "\u03b9",
        "\u03ba",
        "\u03bb",
        "\u03bc",
        "\u03bd",
        "\u03be",
        "\u03bf",
        "\u03c0",
        "\u03c1",
        "\u03c2",
        "\u03c3",
        "\u03c4",
        "\u03c5",
        "\u03c6",
        "\u03c7",
        "\u03c8",
        "\u03c9",
        "\u03ca",
        "\u03cb",
        "\u03cc",
        "\u03cd",
        "\u03ce",
        "\u03df",
        "\u1dd3",
        "\u1de3",
        "\u1ebd",
        "\u204a",
        "\u2132",
        "\u214e",
        "\u2183",
        "\u2184",
        "\u2e17",
        "\ua751",
        "\ua753",
        "\ua757",
        "\ua759",
        "\ua770",
        "\ua776"
      ]
    }
  },
  "display": 1,
  "statsSize": 100,
  "earlyStoppingBestAtIter": 38000,
  "maxIters": 1000000,