{
  "outputModelPrefix": "model_",
  "batchSize": 1,
  "totalTime": 6633.73486328125,
  "earlyStoppingNbest": 10,
  "skipInvalidGt": true,
  "earlyStoppingBestAtIter": 55000,
  "earlyStoppingBestCurNbest": 1,
  "dtStats": [
    0.026123762130737305,
    0.025907516479492188,
    0.020875215530395508,
    0.021097898483276367,
    0.0171205997467041,
    0.02228569984436035,
    0.030419588088989258,
    0.03238272666931152,
    0.02581477165222168,
    0.024057865142822266,
    0.023818254470825195,
    0.025825023651123047,
    0.025658607482910156,
    0.03000473976135254,
    0.02927875518798828,
    0.023207426071166992,
    0.0059430599212646484,
    0.01689887046813965,
    0.023092031478881836,
    0.03474235534667969,
    0.03212451934814453,
    0.029249191284179688,
    0.02019214630126953,
    0.027352571487426758,
    0.019562244415283203,
    0.022730350494384766,
    0.02171635627746582,
    0.024309158325195312,
    0.019824743270874023,
    0.02292323112487793,
    0.01382303237915039,
    0.012374639511108398,
    0.006182193756103516,
    0.02429509162902832,
    0.015437841415405273,
    0.018053054809570312,
    0.019896507263183594,
    0.009891748428344727,
    0.013521194458007812,
    0.012639522552490234,
    0.014940500259399414,
    0.017071247100830078,
    0.01981210708618164,
    0.005816459655761719,
    0.005581855773925781,
    0.01496124267578125,
    0.010854721069335938,
    0.017557144165039062,
    0.019650936126708984,
    0.0217435359954834,
    0.018494129180908203,
    0.02197265625,
    0.01452946662902832,
    0.013788938522338867,
    0.015164613723754883,
    0.018449068069458008,
    0.0164642333984375,
    0.01828169822692871,
    0.016978740692138672,
    0.01566481590270996,
    0.008728504180908203,
    0.01600956916809082,
    0.015470504760742188,
    0.0217282772064209,
    0.011737346649169922,
    0.013690710067749023,
    0.01162576675415039,
    0.016355514526367188,
    0.005916595458984375,
    0.018517494201660156,
    0.0033495426177978516,
    0.014386653900146484,
    0.010013341903686523,
    0.012143135070800781,
    0.012640714645385742,
    0.014867544174194336,
    0.01483011245727539,
    0.014651060104370117,
    0.023731708526611328,
    0.015444040298461914,
    0.012111425399780273,
    0.009677886962890625,
    0.015969276428222656,
    0.009993314743041992,
    0.008517026901245117,
    0.039952754974365234,
    0.03242993354797363,
    0.03678584098815918,
    0.03913426399230957,
    0.014615297317504883,
    0.022481441497802734,
    0.022697925567626953,
    0.029596567153930664,
    0.02148127555847168,
    0.022493839263916016,
    0.0179595947265625,
    0.02759075164794922,
    0.018548011779785156,
    0.01226806640625,
    0.018474578857421875
  ],
  "maxIters": 1000000,
  "lossStats": [
    0.154854878783226,
    0.022258155047893524,
    0.5704354643821716,
    1.7603309154510498,
    0.47529101371765137,
    0.2897709906101227,
    0.05215470865368843,
    0.07813329994678497,
    0.06265494972467422,
    0.011382563039660454,
    0.08695507049560547,
    0.036352090537548065,
    0.2603181302547455,
    0.06606020033359528,
    1.0708826780319214,
    0.05469443276524544,
    0.10050208121538162,
    0.4457870125770569,
    0.047282904386520386,
    0.1556478589773178,
    0.019062845036387444,
    0.5207855105400085,
    0.17318634688854218,
    0.10460236668586731,
    0.4095323979854584,
    0.02294149063527584,
    0.040955204516649246,
    0.20256660878658295,
    0.023409007117152214,
    12.147046089172363,
    1.438542366027832,
    0.0330609567463398,
    0.041226599365472794,
    1.3157843351364136,
    1.0712718963623047,
    0.0598599947988987,
    0.07697797566652298,
    0.25047361850738525,
    0.17168575525283813,
    0.019904932007193565,
    0.027582721784710884,
    0.04814564809203148,
    0.11659928411245346,
    0.0230634193867445,
    15.28530502319336,
    0.4404221773147583,
    0.4762590527534485,
    1.0930484533309937,
    0.22373691201210022,
    1.1869113445281982,
    0.07243509590625763,
    0.01764998957514763,
    0.028167882934212685,
    0.03246109560132027,
    2.1810901165008545,
    6.928298473358154,
    0.03179740905761719,
    0.4009362459182739,
    0.132229745388031,
    0.14284947514533997,
    0.14037583768367767,
    0.07829262316226959,
    0.2661874294281006,
    0.14786402881145477,
    0.022555723786354065,
    2.738753080368042,
    0.0901874229311943,
    0.04546220973134041,
    3.763507127761841,
    0.06338981539011002,
    0.3814864158630371,
    0.04550756514072418,
    0.03154926374554634,
    0.04151776805520058,
    0.0956689640879631,
    0.0973629504442215,
    0.07729419320821762,
    0.26085788011550903,
    1.4695703983306885,
    0.11524850875139236,
    1.8840082883834839,
    0.02440689690411091,
    0.026089025661349297,
    1.6173211336135864,
    0.0245211161673069,
    3.1690783500671387,
    0.950747013092041,
    0.1984056681394577,
    0.09750783443450928,
    0.01952994614839554,
    0.10108126699924469,
    0.2878805100917816,
    0.0402558259665966,
    0.03196120634675026,
    11.875336647033691,
    0.05313890054821968,
    0.277629554271698,
    0.03251490741968155,
    0.010770429857075214,
    0.04714572802186012
  ],
  "display": 100,
  "processes": 32,
  "lerStats": [
    0.0,
    0.0,
    0.0,
    0.0,
    0.0,
    0.0,
    0.0,
    0.0,
    0.0,
    0.0,
    0.0,
    0.0,
    0.0,
    0.0,
    0.01785714365541935,
    0.0,
    0.0,
    0.0,
    0.0,
    0.0,
    0.0,
    0.0,
    0.0,
    0.0,
    0.0,
    0.0,
    0.0,
    0.0,
    0.0,
    0.021276595070958138,
    0.03030303120613098,
    0.0,
    0.0,
    0.0181818176060915,
    0.02857142873108387,
    0.0,
    0.0,
    0.0,
    0.0,
    0.0,
    0.0,
    0.0,
    0.0,
    0.0,
    0.3333333432674408,
    0.0,
    0.0,
    0.017543859779834747,
    0.0,
    0.0,
    0.0,
    0.0,
    0.0,
    0.0,
    0.04651162773370743,
    0.04545454680919647,
    0.0,
    0.0,
    0.0,
    0.0,
    0.0,
    0.0,
    0.0,
    0.0,
    0.0,
    0.023255813866853714,
    0.0,
    0.0,
    0.125,
    0.0,
    0.0,
    0.0,
    0.0,
    0.0,
    0.0,
    0.0,
    0.0,
    0.0,
    0.015384615398943424,
    0.0,
    0.02631578966975212,
    0.0,
    0.0,
    0.02857142873108387,
    0.0,
    0.019607843831181526,
    0.0,
    0.0,
    0.0,
    0.0,
    0.0,
    0.0,
    0.0,
    0.0,
    0.015625,
    0.0,
    0.0,
    0.0,
    0.0,
    0.0
  ],
  "statsSize": 100,
  "earlyStoppingBestModelPrefix": "Baiter",
  "model": {
    "lineHeight": 48,
    "network": {
      "backend": {
        "cudnn": true
      },
      "learningRate": 0.0010000000474974513,
      "classes": 120,
      "ctcMergeRepeated": true,
      "layers": [
        {
          "filters": 40,
          "kernelSize": {
            "y": 3,
            "x": 3
          },
          "stride": {
            "y": 1,
            "x": 1
          }
        },
        {
          "kernelSize": {
            "y": 2,
            "x": 2
          },
          "type": "MAX_POOLING",
          "stride": {
            "y": 2,
            "x": 2
          }
        },
        {
          "filters": 60,
          "kernelSize": {
            "y": 3,
            "x": 3
          },
          "stride": {
            "y": 1,
            "x": 1
          }
        },
        {
          "kernelSize": {
            "y": 2,
            "x": 2
          },
          "type": "MAX_POOLING",
          "stride": {
            "y": 2,
            "x": 2
          }
        },
        {
          "hiddenNodes": 200,
          "type": "LSTM"
        }
      ],
      "dropout": 0.5,
      "solver": "ADAM_SOLVER",
      "features": 48
    },
    "textPostprocessor": {
      "children": [
        {
          "type": "STRIP_NORMALIZER"
        }
      ],
      "type": "MULTI_NORMALIZER"
    },
    "dataPreprocessor": {
      "lineHeight": 48,
      "pad": 16
    },