{
  "earlyStoppingBestAccuracy": 0.9870216846466064,
  "earlyStoppingBestCurNbest": 1,
  "skipInvalidGt": true,
  "lerStats": [
    0.0,
    0.0,
    0.0,
    0.0,
    0.02150537632405758,
    0.0235294122248888,
    0.0,
    0.0,
    0.015384615398943424,
    0.015384615398943424,
    0.0,
    0.0,
    0.032258063554763794,
    0.0,
    0.0,
    0.014705882407724857,
    0.1666666716337204,
    0.0,
    0.0,
    0.0,
    0.0,
    0.01075268816202879,
    0.035087719559669495,
    0.04878048598766327,
    0.0117647061124444,
    0.043478261679410934,
    0.0,
    0.0,
    0.0,
    0.0,
    0.0,
    0.0,
    0.0,
    0.01515151560306549,
    0.0,
    0.0,
    0.0,
    0.01886792480945587,
    0.0,
    0.012658228166401386,
    0.0,
    0.0,
    0.03448275849223137,
    0.0,
    0.0,
    0.016129031777381897,
    0.01149425283074379,
    0.0,
    0.0,
    0.0,
    0.0,
    0.0,
    0.0,
    0.0,
    0.0,
    0.0,
    0.0833333358168602,
    0.025974025949835777,
    0.0,
    0.0,
    0.0,
    0.017241379246115685,
    0.0,
    0.02083333395421505,
    0.0,
    0.0,
    0.0357142873108387,
    0.0882352963089943,
    0.0625,
    0.0625,
    0.0,
    0.020408162847161293,
    0.0,
    0.0,
    0.0,
    0.019999999552965164,
    0.0,
    0.0,
    0.01923076994717121,
    0.0,
    0.01785714365541935,
    0.0,
    0.0,
    0.019999999552965164,
    0.0,
    0.021276595070958138,
    0.0,
    0.020408162847161293,
    0.0,
    0.0,
    0.02666666731238365,
    0.3035714328289032,
    0.0,
    0.0,
    0.0,
    0.018518518656492233,
    0.0,
    0.0,
    0.0,
    0.0
  ],
  "checkpointFrequency": 1000,
  "totalTime": 3367.025146484375,
  "iter": 49999,
  "earlyStoppingNbest": 10,
  "dtStats": [
    0.045362234115600586,
    0.04190969467163086,
    0.03702950477600098,
    0.006432056427001953,
    0.04709005355834961,
    0.05483675003051758,
    0.029860973358154297,
    0.047339677810668945,
    0.0423586368560791,
    0.035401344299316406,
    0.043476104736328125,
    0.008128881454467773,
    0.01739501953125,
    0.016254901885986328,
    0.01906442642211914,
    0.03335118293762207,
    0.017904043197631836,
    0.030891895294189453,
    0.03869271278381348,
    0.014307737350463867,
    0.03609299659729004,
    0.03147315979003906,
    0.02990555763244629,
    0.021625995635986328,
    0.03574943542480469,
    0.021629810333251953,
    0.032921552658081055,
    0.03102254867553711,
    0.03650999069213867,
    0.03474164009094238,
    0.007790803909301758,
    0.030013322830200195,
    0.010174274444580078,
    0.028535842895507812,
    0.005304098129272461,
    0.03415107727050781,
    0.040140628814697266,
    0.0252993106842041,
    0.021376848220825195,
    0.04697060585021973,
    0.03719520568847656,
    0.024193763732910156,
    0.07267117500305176,
    0.03837418556213379,
    0.020265579223632812,
    0.025605440139770508,
    0.043430328369140625,
    0.01189565658569336,
    0.030184030532836914,
    0.013478994369506836,
    0.035470008850097656,
    0.013821840286254883,
    0.03772568702697754,
    0.025327682495117188,
    0.01965951919555664,
    0.041353702545166016,
    0.01952219009399414,
    0.026230573654174805,
    0.02017831802368164,
    0.015197515487670898,
    0.0232541561126709,
    0.028577089309692383,
    0.022194385528564453,
    0.020626068115234375,
    0.004464387893676758,
    0.008394002914428711,
    0.011796712875366211,
    0.053536415100097656,
    0.010933160781860352,
    0.016678333282470703,
    0.03360724449157715,
    0.02030158042907715,
    0.036321163177490234,
    0.017950773239135742,
    0.02390432357788086,
    0.019324779510498047,
    0.019279956817626953,
    0.016883373260498047,
    0.028712749481201172,
    0.026008129119873047,
    0.02185678482055664,
    0.03455996513366699,
    0.004345893859863281,
    0.03174114227294922,
    0.020972728729248047,
    0.03654789924621582,
    0.0629582405090332,
    0.023859500885009766,
    0.028686046600341797,
    0.019614458084106445,
    0.027443885803222656,
    0.03251051902770996,
    0.025416135787963867,
    0.005396127700805664,
    0.009656190872192383,
    0.023474931716918945,
    0.007179975509643555,
    0.0070953369140625,
    0.025906085968017578,
    0.0168912410736084
  ],
  "statsSize": 100,
  "earlyStoppingFrequency": 1000,
  "processes": 32,
  "earlyStoppingBestModelOutputDir": "/home/ls6/wick/Documents/ocr_models/LH/cnn=40:3x3,pool=2x2,cnn=60:3x3,pool=2x2,lstm=200,dropout=0.5",
  "lossStats": [
    0.09386014938354492,
    0.23756270110607147,
    0.5343388915061951,
    0.1338910460472107,
    8.04306697845459,
    3.3780272006988525,
    0.23866750299930573,
    0.11406098306179047,
    1.6115375757217407,
    0.9791386723518372,
    0.1375502049922943,
    0.4921204149723053,
    3.6447677612304688,
    0.11846183240413666,
    0.7323744297027588,
    13.376296043395996,
    29.4183349609375,
    0.08036031574010849,
    0.11543754488229752,
    0.6151812672615051,
    0.12870532274246216,
    1.8926197290420532,
    5.419642925262451,
    37.56631088256836,
    1.3703906536102295,
    1.8308606147766113,
    0.4511345326900482,
    0.33268722891807556,
    0.2457214742898941,
    0.3370725214481354,
    0.3662695288658142,
    1.8831119537353516,
    0.2555984854698181,
    3.703327178955078,
    0.28105074167251587,
    1.104851484298706,
    0.2352515161037445,
    2.9146132469177246,
    0.267611026763916,
    2.6429617404937744,
    0.10095275193452835,
    0.3471319079399109,
    6.101912498474121,
    0.2707046568393707,
    0.27129024267196655,
    8.708929061889648,
    0.8942850828170776,
    0.04212699458003044,
    0.8084232807159424,
    0.5033012628555298,
    0.18314138054847717,
    0.03554670885205269,
    0.36956849694252014,
    0.2764386534690857,
    0.3544999361038208,
    0.05187847092747688,
    9.988997459411621,
    14.447587966918945,
    0.4040326476097107,
    0.5986558198928833,
    0.2407393604516983,
    1.378267526626587,
    0.24495775997638702,
    1.7960844039916992,
    0.02586793154478073,
    0.07492239028215408,
    5.235255241394043,
    25.159263610839844,
    2.9642677307128906,
    4.67152738571167,
    0.21180981397628784,
    6.466671943664551,
    0.04650874063372612,
    0.5077317357063293,
    0.4542202949523926,
    3.4676787853240967,
    0.6558191776275635,
    0.235856294631958,
    3.0068092346191406,
    0.09257029742002487,
    4.243479251861572,
    0.8395124077796936,
    0.04111524298787117,
    1.051735281944275,
    0.2948561906814575,
    2.003662347793579,
    0.699895977973938,
    1.0716320276260376,
    0.06539884954690933,
    0.18106593191623688,
    3.7187278270721436,
    34.20133972167969,
    0.03903880715370178,
    1.0188798904418945,
    0.04987860843539238,
    1.4856655597686768,
    0.1402963399887085,
    0.11213886737823486,
    0.09328547865152359,
    0.4492127001285553
  ],
  "display": 1,
  "batchSize": 1,
  "earlyStoppingBestAtIter": 50000,
  "earlyStoppingBestModelPrefix": "LH",
  "outputModelPrefix": "model_",
  "maxIters": 1000000,
  "model": {
    "textPostprocessor": {
      "type": "MULTI_NORMALIZER",
      "children": [
        {
          "type": "STRIP_NORMALIZER"
        }
      ]
    },
    "dataPreprocessor": {
      "lineHeight": 48,
      "pad": 16
    },
    "lineHeight": 48,
    "network": {
      "layers": [
        {
          "filters": 40,
          "kernelSize": {
            "y": 3,
            "x": 3
          },
          "stride": {
            "y": 1,
            "x": 1
          }
        },
        {
          "type": "MAX_POOLING",
          "kernelSize": {
            "y": 2,
            "x": 2
          },
          "stride": {
            "y": 2,
            "x": 2
          }
        },
        {
          "filters": 60,
          "kernelSize": {
            "y": 3,
            "x": 3
          },
          "stride": {
            "y": 1,