{
  "earlyStoppingBestAtIter": 25000,
  "earlyStoppingBestModelOutputDir": "/home/ls6/wick/Documents/ocr_models/Baiter/cnn=40:3x3,pool=2x2,cnn=60:3x3,pool=2x2,lstm=200,dropout=0.5",
  "lerStats": [
    0.0,
    0.0,
    0.0,
    0.0,
    0.1428571492433548,
    0.0,
    0.0,
    0.0,
    0.05797101557254791,
    0.0,
    0.0,
    0.0,
    0.019999999552965164,
    0.032258063554763794,
    0.03773584961891174,
    0.0,
    0.0,
    0.0,
    0.03333333507180214,
    0.0,
    0.0,
    0.01923076994717121,
    0.02500000037252903,
    0.0,
    0.03125,
    0.0,
    0.0,
    0.0,
    0.0,
    0.0,
    0.0,
    0.043478261679410934,
    0.0,
    0.0,
    0.0,
    0.0,
    0.0,
    0.0,
    0.0,
    0.0,
    0.0,
    0.0,
    0.0,
    0.0,
    0.0731707289814949,
    0.021276595070958138,
    0.0,
    0.0,
    0.0,
    0.0,
    0.02857142873108387,
    0.0,
    0.0,
    0.0,
    0.0,
    0.02380952425301075,
    0.0,
    0.0,
    0.0,
    0.0,
    0.0,
    0.0,
    0.6666666865348816,
    0.01785714365541935,
    0.0,
    0.0,
    0.0,
    0.0,
    0.0,
    0.019999999552965164,
    0.0,
    0.0,
    0.0,
    0.0,
    0.0,
    0.0,
    0.0,
    0.0,
    0.0,
    0.02777777798473835,
    0.0,
    0.0,
    0.0,
    0.0,
    0.3333333432674408,
    0.0,
    0.0,
    0.0,
    0.0,
    0.0,
    0.017543859779834747,
    0.5,
    0.0,
    0.0,
    0.05000000074505806,
    0.0,
    0.0,
    0.0,
    0.0,
    0.0
  ],
  "batchSize": 1,
  "processes": 32,
  "lossStats": [
    0.4127328395843506,
    0.19046854972839355,
    0.1917402446269989,
    0.04539629817008972,
    1.7197362184524536,
    1.031611442565918,
    0.1615706980228424,
    0.3789035677909851,
    14.438156127929688,
    0.17220695316791534,
    0.054382678121328354,
    1.3114237785339355,
    1.3893831968307495,
    0.7990424036979675,
    8.717742919921875,
    0.19132111966609955,
    0.9976485371589661,
    0.16941864788532257,
    1.2887063026428223,
    0.4991450309753418,
    0.38286399841308594,
    2.3636107444763184,
    1.6842780113220215,
    0.1315355747938156,
    3.587287187576294,
    0.054600395262241364,
    1.6518464088439941,
    0.551683247089386,
    0.058600738644599915,
    0.09917717427015305,
    0.4700796902179718,
    3.422128200531006,
    0.6796178221702576,
    0.4004381597042084,
    0.16798187792301178,
    0.10183176398277283,
    0.6109890341758728,
    0.026221463456749916,
    0.8080915212631226,
    0.9289131164550781,
    0.25812801718711853,
    0.2909335196018219,
    0.06881459057331085,
    0.04362194240093231,
    12.007189750671387,
    9.102595329284668,
    0.12808313965797424,
    0.4703725576400757,
    0.15983635187149048,
    0.5126022696495056,
    0.7906841039657593,
    0.5160264372825623,
    0.03785555437207222,
    0.022973233833909035,
    0.04522150382399559,
    3.032468795776367,
    0.30201900005340576,
    0.15773393213748932,
    0.2550659477710724,
    0.073649562895298,
    0.03067093901336193,
    0.1201324537396431,
    14.762317657470703,
    1.9220119714736938,
    0.12140475958585739,
    0.06030403822660446,
    0.22419242560863495,
    0.9436450004577637,
    0.5844758152961731,
    0.995019257068634,
    0.09695374220609665,
    0.11559823155403137,
    0.9151018261909485,
    0.1921301633119583,
    0.32140687108039856,
    0.11653811484575272,
    0.3355705142021179,
    0.4323999881744385,
    0.5509041547775269,
    1.0695127248764038,
    0.5624599456787109,
    0.6197733283042908,
    0.12038543820381165,
    0.5945289731025696,
    1.326123595237732,
    0.020256152376532555,
    0.05180403217673302,
    0.7472399473190308,
    0.17104525864124298,
    0.022648431360721588,
    5.345653533935547,
    5.639927387237549,
    0.43936362862586975,
    0.09918428212404251,
    1.6112468242645264,
    0.09149690717458725,
    0.6192126870155334,
    0.04746223986148834,
    0.2906983494758606,
    0.03330576792359352
  ],
  "skipInvalidGt": true,
  "display": 100,
  "checkpointFrequency": 1000,
  "earlyStoppingBestAccuracy": 0.993657648563385,
  "statsSize": 100,
  "model": {
    "textPreprocessor": {
      "type": "MULTI_NORMALIZER",
      "children": [
        {
          "type": "STRIP_NORMALIZER"
        }
      ]
    },
    "codec": {
      "charset": [
        "",
        " ",
        "!",
        "\"",
        "'",
        "(",
        ")",
        "*",
        ",",
        "-",
        ".",
        "0",
        "1",
        "2",
        "3",
        "4",
        "5",
        "6",
        "7",
        "8",
        "9",
        ":",
        ";",
        "?",
        "A",
        "B",
        "C",
        "D",
        "E",
        "F",
        "G",
        "H",
        "J",
        "K",
        "L",
        "M",
        "N",
        "O",
        "P",
        "Q",
        "R",
        "S",
        "T",
        "U",
        "V",
        "W",
        "X",
        "Z",
        "[",
        "]",
        "a",
        "b",
        "c",
        "d",
        "e",
        "f",
        "g",
        "h",
        "i",
        "j",
        "k",
        "l",
        "m",
        "n",
        "o",
        "p",
        "q",
        "r",
        "s",
        "t",
        "u",
        "v",
        "w",
        "x",
        "y",
        "z",
        "\u00ab",
        "\u00bb",
        "\u00bd",
        "\u00c4",
        "\u00dc",
        "\u00df",
        "\u00e0",
        "\u00e4",
        "\u00e7",
        "\u00e8",
        "\u00e9",
        "\u00ea",
        "\u00f4",
        "\u00f6",
        "\u00fc",
        "\u03b2",
        "\u2013",
        "\u2014",
        "\u2018",
        "\u2019",
        "\u201a",
        "\u201c",
        "\u201d",
        "\u201e",
        "\u2020",
        "\ua75b"
      ]
    },
    "textPostprocessor": {
      "type": "MULTI_NORMALIZER",
      "children": [
        {
          "type": "STRIP_NORMALIZER"
        }
      ]
    },
    "network": {
      "backend": {
        "cudnn": true
      },
      "features": 48,
      "dropout": 0.5,
      "ctcMergeRepeated": true,
      "learningRate": 0.0010000000474974513,
      "classes": 102,
      "solver": "ADAM_SOLVER",
      "layers": [
        {
          "kernelSize": {
            "x": 3,
            "y": 3
          },
          "stride": {
            "x": 1,
            "y": 1
          },
          "filters": 40
        },
        {
          "type": "MAX_POOLING",
          "stride": {
            "x": 2,
            "y": 2
          },
          "kernelSize": {
            "x": 2,
            "y": 2
          }
        },
        {
          "kernelSize": {
            "x": 3,
            "y": 3
          },
          "stride": {
            "x": 1,
            "y": 1
          },
          "filters": 60
        },
        {
          "type": "MAX_POOLING",
          "stride": {
            "x": 2,
            "y": 2
          },
          "kernelSize": {
            "x": 2,
            "y": 2
          }
        },
        {
          "hiddenNodes": 200,
          "type": "LSTM"
        }
      ]
    },
    "dataPreprocessor": {
      "pad": 16,
      "lineHeight": 48
    },
    "lineHeight": 48
  },
  "earlyStoppingBestCurNbest": 1,
  "earlyStoppingFrequency": 1000,
  "iter": 24999,
  "earlyStoppingNbest": 10,