{
  "earlyStoppingBestModelPrefix": "LH1",
  "earlyStoppingBestAccuracy": 0.9577338695526123,
  "lossStats": [
    1.7096128463745117,
    0.45237860083580017,
    0.6364413499832153,
    0.9260424971580505,
    2.6084721088409424,
    0.1277904063463211,
    3.065633773803711,
    0.06052550673484802,
    0.42043864727020264,
    2.9063751697540283,
    5.874662399291992,
    1.6237584352493286,
    0.4613962173461914,
    0.5774652361869812,
    1.0176491737365723,
    0.2948678433895111,
    0.7073320150375366,
    9.253128051757812,
    3.2645113468170166,
    1.4406124353408813,
    0.23591895401477814,
    0.1844969391822815,
    0.5621185302734375,
    3.4493868350982666,
    0.2226433902978897,
    0.7461420893669128,
    0.19245001673698425,
    0.1415633261203766,
    0.09899338334798813,
    0.19051745533943176,
    0.495083749294281,
    0.6652452945709229,
    9.3353853225708,
    0.5556992888450623,
    0.2669062912464142,
    0.32114139199256897,
    0.11900699883699417,
    0.37982097268104553,
    8.79213809967041,
    0.11144871264696121,
    0.2607206702232361,
    0.6150942444801331,
    0.21248310804367065,
    1.538166880607605,
    0.3989431858062744,
    3.2139480113983154,
    0.0322875902056694,
    0.212540864944458,
    0.11915546655654907,
    0.6976915001869202,
    0.10986892133951187,
    0.4009506106376648,
    0.4817180037498474,
    0.17790548503398895,
    0.3223244845867157,
    1.7384059429168701,
    1.2152690887451172,
    1.94511079788208,
    2.9863851070404053,
    0.6088871955871582,
    0.09558907896280289,
    0.48055627942085266,
    14.593923568725586,
    0.717047393321991,
    4.763690948486328,
    1.3622499704360962,
    0.7084052562713623,
    2.767051935195923,
    0.7813637256622314,
    0.25250867009162903,
    0.5559691190719604,
    0.6645082235336304,
    0.6723060011863708,
    8.051376342773438,
    0.15856388211250305,
    0.269712895154953,
    11.804434776306152,
    0.876895546913147,
    0.3917872905731201,
    0.11642832309007645,
    1.8381783962249756,
    0.1943526268005371,
    3.716315984725952,
    7.6982421875,
    2.822880506515503,
    0.10658973455429077,
    6.812975883483887,
    10.397220611572266,
    1.005083441734314,
    0.8248875737190247,
    0.7552333474159241,
    0.11890573799610138,
    0.7010701298713684,
    0.21797241270542145,
    0.4460880756378174,
    3.698946714401245,
    0.46374136209487915,
    0.2826840579509735,
    2.38746976852417,
    1.3535747528076172
  ],
  "earlyStoppingBestCurNbest": 1,
  "dtStats": [
    0.029284954071044922,
    0.02830791473388672,
    0.019141674041748047,
    0.026732444763183594,
    0.0159151554107666,
    0.00847005844116211,
    0.02303481101989746,
    0.009478569030761719,
    0.027788162231445312,
    0.01203012466430664,
    0.005694389343261719,
    0.020958662033081055,
    0.02678394317626953,
    0.03181791305541992,
    0.024716615676879883,
    0.037954092025756836,
    0.035921335220336914,
    0.022550344467163086,
    0.020652294158935547,
    0.034407615661621094,
    0.02533411979675293,
    0.0306704044342041,
    0.026520967483520508,
    0.029938220977783203,
    0.0300905704498291,
    0.04777407646179199,
    0.027556180953979492,
    0.041977643966674805,
    0.02214193344116211,
    0.015243053436279297,
    0.02356863021850586,
    0.0251157283782959,
    0.03061962127685547,
    0.006479740142822266,
    0.02611851692199707,
    0.02188277244567871,
    0.027930021286010742,
    0.019014358520507812,
    0.04543709754943848,
    0.028328895568847656,
    0.03225398063659668,
    0.018044710159301758,
    0.02226114273071289,
    0.023901700973510742,
    0.01682114601135254,
    0.021428346633911133,
    0.016728639602661133,
    0.009512901306152344,
    0.03986811637878418,
    0.04088759422302246,
    0.02012157440185547,
    0.028512001037597656,
    0.019486427307128906,
    0.014672994613647461,
    0.009774208068847656,
    0.04136490821838379,
    0.014551639556884766,
    0.015300989151000977,
    0.04740118980407715,
    0.03130292892456055,
    0.025033235549926758,
    0.03399038314819336,
    0.034362077713012695,
    0.029184579849243164,
    0.031450510025024414,
    0.029754638671875,
    0.027312755584716797,
    0.027358293533325195,
    0.02446770668029785,
    0.05101633071899414,
    0.03183770179748535,
    0.04327535629272461,
    0.010113716125488281,
    0.008886337280273438,
    0.013283014297485352,
    0.020847082138061523,
    0.03069591522216797,
    0.04264569282531738,
    0.0229952335357666,
    0.02186298370361328,
    0.03338766098022461,
    0.007531166076660156,
    0.024235248565673828,
    0.018544673919677734,
    0.03654336929321289,
    0.02365708351135254,
    0.021539688110351562,
    0.021279573440551758,
    0.025441884994506836,
    0.035654544830322266,
    0.030697345733642578,
    0.013965129852294922,
    0.01969170570373535,
    0.04525423049926758,
    0.027512550354003906,
    0.03430986404418945,
    0.037809133529663086,
    0.0482945442199707,
    0.0318605899810791,
    0.02147960662841797
  ],
  "maxIters": 1000000,
  "model": {
    "dataPreprocessor": {
      "lineHeight": 48,
      "pad": 16
    },
    "textPostprocessor": {
      "children": [
        {
          "type": "STRIP_NORMALIZER"
        }
      ],
      "type": "MULTI_NORMALIZER"
    },
    "network": {
      "backend": {
        "cudnn": true
      },
      "solver": "ADAM_SOLVER",
      "ctcMergeRepeated": true,
      "learningRate": 0.0010000000474974513,
      "classes": 136,
      "features": 48,
      "dropout": 0.5,
      "layers": [
        {
          "filters": 40,
          "stride": {
            "y": 1,
            "x": 1
          },
          "kernelSize": {
            "y": 3,
            "x": 3
          }
        },
        {
          "stride": {
            "y": 2,
            "x": 2
          },
          "kernelSize": {
            "y": 2,
            "x": 2
          },
          "type": "MAX_POOLING"
        },
        {
          "filters": 60,
          "stride": {
            "y": 1,
            "x": 1
          },
          "kernelSize": {
            "y": 3,
            "x": 3
          }
        },
        {
          "stride": {
            "y": 2,
            "x": 2
          },
          "kernelSize": {
            "y": 2,
            "x": 2
          },
          "type": "MAX_POOLING"
        },
        {
          "hiddenNodes": 200,
          "type": "LSTM"
        }
      ]
    },
    "lineHeight": 48,
    "textPreprocessor": {
      "children": [
        {
          "type": "STRIP_NORMALIZER"
        }
      ],
      "type": "MULTI_NORMALIZER"
    },